{
  "version": 2,
  "name": "Email Intelligence Platform",
  "builds": [
    {
      "src": "package.json",
      "use": "@vercel/static-build",
      "config": {
        "distDir": "build"
      }
    }
  ],
  "headers": [
    {
      "source": "/static/js/(.*)",
      "headers": [
        {
          "key": "cache-control",
          "value": "public, max-age=31536000, immutable"
        }
      ]
    },
    {
      "source": "/static/css/(.*)",
      "headers": [
        {
          "key": "cache-control",
          "value": "public, max-age=31536000, immutable"
        }
      ]
    },
    {
      "source": "/static/media/(.*)",
      "headers": [
        {
          "key": "cache-control",
          "value": "public, max-age=31536000, immutable"
        }
      ]
    },
    {
      "source": "/static/(.*)",
      "headers": [
        {
          "key": "cache-control",
          "value": "public, max-age=31536000"
        }
      ]
    },
    {
      "source": "/favicon.ico",
      "headers": [
        {
          "key": "cache-control",
          "value": "public, max-age=86400"
        }
      ]
    },
    {
      "source": "/manifest.json",
      "headers": [
        {
          "key": "cache-control",
          "value": "public, max-age=86400"
        }
      ]
    },
    {
      "source": "/(.*)",
      "headers": [
        {
          "key": "X-Content-Type-Options",
          "value": "nosniff"
        },
        {
          "key": "X-Frame-Options",
          "value": "DENY"
        },
        {
          "key": "X-XSS-Protection",
          "value": "1; mode=block"
        },
        {
          "key": "Referrer-Policy",
          "value": "strict-origin-when-cross-origin"
        }
      ]
    }
  ],
  "rewrites": [
    { "source": "/(.*)", "destination": "/index.html" }
  ],
  "env": {
    "REACT_APP_API_URL": "https://email-intelligence-platform.onrender.com",
    "REACT_APP_API_VERSION": "v1",
    "REACT_APP_MAX_BULK_EMAILS": "500",
    "REACT_APP_APP_NAME": "Email Intelligence Platform"
  }
}